415 South Main Street Suite 203,57401,4304
500 Chestnut Street Room 819,79602,1453
323 West Main Street ,24210,2605
23386 Front Street ,23301,
492 Main Street ,1720,3939
100 East 13th Street Suite 213,74820,6502
1028 Hayne Avenue SW ,29801,3730
2 South Main Street Suite 380,44308,1810
1030 East Tallmadge Avenue ,44310,3563
1101 New York Avenue Room 115,88310,6923
609 Main Street Room 105,81101,2557
235 Roosevelt Avenue Suite 114,31701,5132
11a Clinton Avenue Room 827,12207,2355
505 Marquette Avenue Northwest Suite 1605,87102,5803
3211 Coors Boulevard SW Suite B3,87121,5255
1412 Centre Court Suite 402,71301,3449
333 North Fairfax Street Suite 201,22314,2632
2110 McLean Street ,15001,2964
905 South Fillmore Street Suite 520,79101,3541
1421 South Bell Avenue Suite 108A,50010,7710
61 Church Street Room 309,12010,4424
510 L Street Suite 580,99501,1959
505 East Three Notch Street Room 322,63420,3129
1134 Meridian Plaza ,46016,1713
303 West Beltline Boulevard ,29625,1505
4115 Annandale Road Suite 103,22003,2500
44 Calvert Street Suite 349,21401,1930
1129 Noble Street Suite 104,36201,4674
420 West 3rd Street ,94509,1274
333 West College Avenue ,54911,5898
6001 West Ronald Reagan Memorial Highway Suite 200,76017,
222 Sunset Avenue Suite 101,27203,5658
1405 Greenup Avenue Suite 236,41101,7573
205 College Street Suite 100,28801,3017
28-11 Astoria Boulevard ,11102,1933
5805 Capistrono Avenue Suite C,93422,7218
3706 Atlanta Highway Suite 3B,30606,7202
6 East Madison Avenue ,37303,4297
702 East Corsicana Street ,75751,2629
"100 Peachtree Street, NW Suite 1920",30303,1906
8 North Main Street Suite 200,2703,2282
110 Genesee Street Suite 110,13021,3622
925 Laney Walker Boulevard Suite 300,30901,2959
300 East Eighth Street Room 763,78701,3224
5929 Balcones Drive Suite 305,78731,4286
3532 Bee Cave Road Suite 100,78746,5466
19200 West Country Club Drive 3rd Floor,33180,2403
2700 M Street Suite 225,93301,2370
4100 Empire Drive Suite 150,93309,409
301 Sovereign Court Suite 201,63011,4442
1010 Park Avenue Suite 105,21201,5600
6 State Street Suite 101,4401,6364
401 South Johnstone Avenue Suite 348,74003,6619
5555 Hilton Avenue Suite 100,70808,2597
PO Box 40 ,31515,40
916 Washington Avenue Suite 205,48708,5721
630 Avenue C Room 9,7002,3878
218-14 Northern Boulevard Suite 204,11361,3505
909 Decker Drive Suite 124,77520,4433
PO Box 1538 ,29901,1538
505 Orleans Street Suite 100,77701,3224
109 Main Street ,25801,4610
107 South St. Mary's Street ,78102,5619
15 East Churchville Road Suite 102B,21014,3837
3555 Benner Pike Suite 101,16823,8474
144 Lincoln Place Court Suite 4,62221,5884
119 North Commercial Street Suite 1350,98225,4452
400 East Grand Avenue Suite 402,53511,6229
1051 Northwest Bond Street Suite 400,97701,2958
701 West Broad Street Suite 200,18018,5229
1510 Scurry Street Suite B,79720,4441
1201 Grand Avenue Suite One,59102,4281
15 Henry Street Room 100-A,13901,2724
2 20th Street North Suite 1130,35203,4014
1900 International Park Drive Suite 107,35243,4217
200 East Rosser Avenue Room 328,58501,
13 Municipal Plaza Room 200-A,7003,3470
150 South Bloomingdale Road Room 200,60108,1494
202 North Prospect Road Suite 203,61704,7920
320 West 8th Street Suite 114,47404,3700
601 Federal Street Room 1005,24701,3033
2500 North Military Trail ,33409,6344
802 West Bannock Street Suite 600,83702,5843
"310 Government Center Drive, NE Unit 1",28422,9010
107 West Madison Street ,39041,3208
240 Highway 105 Extension Suite 200,28607,4291
700 Benton Road ,71111,3705
88 Black Falcon Avenue Suite 340,2210,2433
4770 Baseline Road Suite 220,80303,2668
1001 Center Street Suite 300,42101,2192
1045 North Main Street Suite 6,43402,1361
2424 Manatee Avenue West Suite 104,34205,4954
1800 East Lambert Road Suite 150,92821,4396
345 6th Street Suite 500,98337,1870
2000 South Market Street Suite 303,77833,5800
211 State Street 2nd Floor,6604,4808
Six North Main Street ,84302,2116
2301 Roosevelt Road ,60155,3854
155 West Elm Street Suite 200,2301,4326
3655 Johnson Avenue ,10463,1671
2800 Bruckner Boulevard Suite 301,10465,1972
1231 Lafayette Avenue 4th Floor,10474,5331
177 Dreiser Loop ,10475,2705
120 Bishops Way Room 154,53005,6294
230 South Whitworth Street ,39601,3343
186 Joralemon Street Suite 1102,11201,4326
266 Broadway Suite 201,11211,6125
445 Neptune Avenue ,11224,4561
"123 Linden Boulevard 4th Floor, Suite 200",11226,3888
7308 13th Avenue ,11228,2011
1800 Sheepshead Bay Road ,11235,2719
10408 Flatlands Avenue Store 5,11236,2806
16 Court Street Suite 1006,11241,1010
16224 Spring Hill Drive ,34604,8326
1805 Ruben Torres Suite B-27,78521,1115
501 Center Avenue ,76801,2809
805 Gloucester Street Room 304,31520,7073
4001 29th Street Suite 116,77802,4211
811 Main Street ,98321,8259
415 Main Street ,81211,8106
465 Main Street Suite 105,14203,1717
726 Exchange Street Suite 601,14210,1484
"30 Main Street Third Floor, Suite 350",5401,8438
101 West Burnsville Parkway Suite 201,55337,2572
108 East Diamond Street 1st Floor,16001,5947
112 South First Street ,72023,3007
210 1/2 North Mitchell Street ,49601,1835
1115 Albany Street ,83605,3522
5051 Verdugo Suite 120,93012,8690
110 First Street ,2141,2109
1999 South Bascom Avenue Suite 815,95008,2200
100 North Street Suite 150,30114,2779
4150 Belden Village Street Suite 408,44718,2553
"804 Nicholas Parkway, East Suite 1",33990,2811
555 Independence Street Suite 1400,63703,6235
250 West Cherry Street ,62901,2856
59 West Louther Street ,17013,2936
47 Gleneida Avenue ,10512,
100 Cooke Avenue 2nd Floor,7008,3065
211 North Florence Street Unit #3,85122,4414
100 East B Street Suite 4003,82602,1969
754 Frederick Road ,21228,4504
150 1st Avenue NE Suite 375,52401,1133
221 East Broadway Suite 102,62801,3250
17906 Crusader Avenue Suite 100,90703,2694
100 Lincoln Way East Suite B,17201,2274
2004 Fox Drive ,61820,7336
88 Vilcom Circle Suite 140,27514,1665
655 West Lincoln Avenue Unit 8,61920,2426
2000 Sam Rittenberg Boulevard Suite 3007,29407,4631
"4815 McCorkle Avenue, SE ",25304,1948
1230 West Morehead Street Suite 306,28208,5214
6525 Morrison Boulevard Suite 100,28211,501
686 Berkmar Circle ,22901,1464
900 Georgia Avenue Suite 126,37402,2282
505 Independence Parkway Suite 104,23320,5178
1330 Swanwick Street ,62233,1314
100 Olde Point Village Suite 101,21619,2140
511-13 Welsh Street First Floor,19013,4453
9401 Courthouse Road Suite 201,23832,6685
2120 Capitol Avenue Suite 8005,82001,3631
3742 West Irving Park Road ,60618,3116
700-706 East 79th Street ,60619,3036
3333 West Arthington Street Suite 130,60624,4102
6245 South Archer Avenue ,60638,2609
5533 North Broadway Street Suite Two,60640,1405
2201 West North Avenue ,60647,5429
7121 South Yates Boulevard ,60649,2529
1057 West Belmont Avenue ,60657,3327
2635 Forest Avenue Suite 100,95928,4425
333 F Street Suite A,91910,2624
441 Vine Street Suite 3003,45202,3003
8044 Montgomery Road Suite 170,45236,2926
PO Box 502 ,35046,502
309 West First Street ,74017,8005
1850 Memorial Drive ,37043,4603
PO Box 532 ,50428,532
115 South Main Street Suite 202,76033,5501
6000 Meadowbrook Mall Court Suite 3,27012,8775
264 Clovis Avenue Suite 206,93612,1115
1250 Ironwood Drive #243,83814,2723
240 Regency Centre ,62234,3019
1271 Kelly Johnson Boulevard Suite 110,80920,3965
3609 South Providence Road Suite A,65201,3721
1225 Lady Street Suite 200,29201,3347
807 Garden Street ,38401,3262
18 Ninth Street Suite 201,31901,2778
1299 Olentangy River Road Suite 200,43212,3129
3000 Corporate Exchange Drive Suite 310,43231,4054
555 South Main Street ,99114,2503
1333 Willow Pass Road Suite 203,94520,7931
325 McGill Avenue Suite 500,28027,6194
114 North Main Street Suite 200,3301,4962
200 River Pointe Drive Suite 304,77304,2817
PO Box 1557 ,97420,333
3680 Route 112 Suite C,11727,4140
1350 Fifth Avenue ,15108,2024
89 West Market Street ,14830,2526
1718 South Alameda ,78404,2931
18 Tompkins Street ,13045,2541
40 Pearl Street ,51503,817
PO Box 601 ,50801,601
303 North 6th Street ,75835,1611
62 East Second Street ,38555,4564
517 Bailey Road ,63019,1701
101 North Virginia Street Suite 170,60014,3456
"205 Fourth Avenue, NE Suite 104",35055,1965
763 Madison Road Suite 207,22701,3342
1 Frederick Street Suite 2,21502,2309
3102 Maple Avenue Suite 600,75201,1236
6510 Abrams Road Suite 243,75231,7278
12750 Merit Drive Suite 1434,75251,1229
702 Glenwood Ave ,30721,2624
198 Main Street ,6810,6662
308 Craghead Street Suite 102-D,24541,1468
209 West 4th Street Suite 104,52801,1307
120 West Third Street Suite 305,45402,1819
19855 West Outer Drive Suite 103-E,48124,2028
302 Lee Street Room 86,35601,1926
PO Box 668 ,35602,668
101 Clinton Street Suite 1200,43512,2165
309 Mills Street ,78840,5165
840 Deltona Boulevard Suite G,32725,7162
186 Field of Dreams Drive ,36732,
600 Grant Street Suite 202,80203,3525
12 Main Street Conference Room,6418,1931
300 East Locust Street Suite 320,50309,1825
714 Lake Avenue Suite 107,56501,3057
231 West Lafayette Boulevard Room 669,48226,2766
400 Monroe Street Suite 290,48226,2944
119 West First Street ,61021,3056
100 Military Avenue Suite 204,67801,4945
8669 NW 36th Street Suite 100,33166,6640
188 North Foster Street Suite 105,36303,4568
350 West 6th Street Suite 222,52001,4648
112 North 12th Avenue ,74701,4718
411 West Chapel Hill Street Ninth Floor,27701,3616
100 South Monroe ,78852,4830
206 Main Street ,18041,1405
8787 State Street Suite 102,62203,2026
131 South Barstow Street Suite 301,54701,2625
250 Prairie Center Drive Suite 230,55344,7904
2864 West Trenton Road ,78539,9232
1870 Cordell Court Suite 206,92020,916
101 North Washington Street Suite 406,71730,5669
4401 Santa Anita Avenue Suite 211,91731,1611
310 North Mesa Street Suite 400,79901,1301
333 North Broad Street ,7208,3706
405 Idaho Street Suite 214,89801,3753
8267 Main Street Room 102,21043,9903
425 South Main Street Suite H,23847,2300
77 Hazard Avenue Unit J,6082,3890
2106-A West Ennis Avenue ,75119,3624
208 East Bayfront Parkway Suite 102,16507,2405
405 East Eighth Avenue Suite 2030,97401,2716
317 Third Street Suite One,95501,487
4246 Washington Road Suite 6,30809,3087
820 Davis Street Suite 105,60201,4400
101 NW Martin Luther King Jr. Boulevard Room 124,47708,1951
2930 Wetmore Avenue Suite 9F,98201,4070
111 East Uwchlan Avenue ,19341,1206
101 12th Avenue Room 10,99701,6275
 Suite 201,94533,5556
371 South Main Street Suite 102,2721,5304
1931 Mott Avenue Room 305,11691,4103
3003 32 Avenue South Suite 6,58103,6163
22 East Columbia Street ,63640,3101
800 Municipal Drive ,87401,2663
301 Green Street Room 218,28301,5048
6257 Raeford Road Suite 2,28304,2450
100 East Main Cross Suite 101,45840,4888
2 Summit Court Suite 103,12524,
463 Main Street ,1420,8045
15115 East Cedar Avenue Unit #A6,86004,
23 Royal Road Suite 101,8822,6001
432 North Saginaw Street Suite 410,48502,2018
181 East Evans Street Suite 314,29506,2511
1302 North McKenzie Street ,36535,2232
490 West Rolling Meadows Drive Suite B,54937,8609
1426 Central Avenue Suite A,50501,4258
6300 Northeast First Avenue Suite 100,33301,1941
2701 West Oakland Park Boulevard Suite 200,33311,1363
300 Buttermilk Pike Suite 314,41017,2136
2300 Virginia Avenue Suite 208,34982,5632
423 North 6th Street ,72902,2003
103 West Callaghan ,79735,7104
348 SW Miracle Strip Parkway Suite 24,32548,5263
1300 South Harrison Street Room 3105,46802,3446
1701 River Run Road Suite 407,76107,6548
1100 Circle Drive Suite 200,76119,8111
50 East Grand Avenue ,60073,1430
188 Concord Street Suite 102,1702,8315
198 Third Avenue South Suite 1,37064,2518
7360 Guilford Drive Suite 101,21704,5128
3504 Plank Road Suite 203,22407,6896
39300 Civic Center Drive Suite 220,94538,2324
PO Box 377 ,68026,377
1040 East Herndon Avenue Room 201,93720,3158
855 M Street Suite 940,93721,2757
PO Box 1453 ,80443,1453
PO Box 2208 ,95437,2208
123 North College Avenue Suite 220,80524,2489
600 Broad Street Suite 107,35901,3745
5700 Southwest 34th Street Suite 425,32608,5329
PO Box 1015 ,30503,
110 West Aztec Avenue ,87301,6202
601 25th Street Suite 216,77550,1738
300 Garden City Plaza Suite 200,11530,3338
12397 Lewis Street Suite 101,92840,4695
197 West Main Street ,28052,4154
810 Otsego Avenue Suite 105,49770,1780
100 West Main Street ,61254,
1797 State Street Suite A,60134,4710
22 Chambersburg Street ,17325,1101
4201 Dominion Boulevard Suite 110,23060,6149
266 Harristown Road Suite 104,7452,3321
7121 West Bell Road Suite 200,85308,8549
136 Glen Street ,12801,4415
2339 Gold Meadow Way Suite 220,95670,6307
320 North Chicago Avenue Suite 9B,46528,2331
225 Main Street Suite 3232G,10924,2195
PO Box 812 ,27253,812
1811 West Second Street Suite 105,68803,5400
225 North 5th Street Suite 702,81501,2658
110 Michigan Street Suite 166,49503,2313
8700 Auburn-Folsom Road Suite 100,95746,8501
2060 Delmar Avenue Suite B,62040,4625
PO BOX 807 ,28072,807
"105 Smelter Avenue, NE Suite 116",59404,1953
822 Seventh Street ,80631,3933
6500 Cherrywood Lane Suite 310,20770,1287
125 South Elm Street Suite 504,27401,2246
301 South Green Street Suite 210,27401,2615
2102 North Elm Street Suite B,27408,5100
2040 Frederickson Place ,15601,9688
910 Courthouse Lane ,38701,3764
1105-C Corporate Drive ,27858,4211
104 South Main Street Suite 801,29601,2742
200 Derbigny Street Suite 3200,70053,5876
1325 25th Avenue ,39501,
25 Main Street Suite 101,7601,7089
515 Grove Street Suite 3C,8035,1733
120 Father Duenas Avenue Suite 107,96910,5058
1800 Dual Highway Suite 301,21742,6646
1540 Kuser Road Suite A-9,8619,3828
112 South Cate Street ,70403,
201 North 3rd Street Suite 120,63401,3550
110 East Locust Street Room 12,62946,1557
1721 North Front Street Suite 105,17102,2391
303 North Main Street Suite 102,72601,3508
"Two South Main Street 1st Floor, Suite A",22801,3728
1909 North Commercial Street ,64701,1252
221 Main Street Second Floor,6106,1864
701 Main Street Suite 215,39401,3478
150 Motor Parkway Suite 108,11788,5152
10 Welcome Street ,1830,5631
601 Main Street ,41701,1354
1 South Church Street Suite 100,18201,6200
950 North Montana Avenue ,59601,3858
1600 East Florida Avenue Suite 301,92544,8639
222 First Street Suite 224,42420,3821
133 East Commerce Street ,38632,2343
13873 Park Center Road Suite 130,20171,3248
"87 Fourth Street, NW Suite A",28603,6142
1634 North Main Street Suite 101,27262,2644
200 East Broadway Suite 200,88240,8425
184 South River Avenue ,49423,2848
310 Penn Street Suite 200,16648,2004
57 Suffolk Street Suite 310,1040,5055
17926 South Halsted Street ,60430,2029
300 Ala Moana Boulevard Room 4-104,96850,4104
300 Ala Moana Boulevard Room 5104,96850,5104
1403 South Main Street ,42240,2107
300 Exchange Street Suite A,71901,4034
423 Lafayette Street Suite 107,70360,4802
1919 Smith Street Suite 1180,77002,8098
420 West 19th Street ,77008,3914
3300 Lyons Avenue Suite 301,77020,8254
10000 Memorial Drive Suite 620,77024,3490
11811 I-10 East Suite 430,77029,1951
3003 South Loop West Suite 460,77054,1301
17225 El Camino Real Suite 447,77058,2778
256 North Sam Houston Parkway East Suite 29,77060,2028
1550 Foxlake Drive Suite 120,77084,6043
6719 West Montgomery Road Suite 204,77091,3105
101 Main Street Room 380,92648,8149
845 Fifth Avenue Room 145,25701,2086
2101 West Clinton Avenue Suite 302,35805,3109
1202 Sam Houston Avenue Suite 8,77340,4638
One North Main Street Suite 525,67504,5228
297 North Street Suite 312,2061,5134
6475 New Hampshire Avenue Suite C-201,20783,3281
410 Memorial Drive Suite 203,83402,3600
1101 Airport Road Suite D,92215,1800
211 West Maple Avenue ,64050,2815
827 Water Street Suite 3,15701,3923
300 East Fall Creek Parkway North Drive Suite 300,46205,4258
8900 Keystone at the Crossing Suite 1050,46240,7646
125 South Dubuque Street ,52240,4003
500 South Stephenson Suite 500,49920,3420
9901 East Valley Ranch Parkway Suite 3035,75063,7186
87000 Overseas Highway ,33036,3110
123 South Cayuga Street Suite 201,14850,5582
74-09 37th Avenue Suite 306-B,11372,6303
800 West Ganson Street ,49202,4203
3607 Medgar Evers Boulevard ,39213,6364
109 South Highland B-7,38301,6123
101 East Union Street Suite 202,32202,6002
1061 Riverside Avenue Suite 100,32204,4151
209 West State Street ,62650,2001
153-01 Jamaica Avenue 2nd Floor,11432,3870
Two East Second Street Suite 300,14701,5206
20 South Main Street Suite 10,53545,3959
1710 Alabama Avenue Suite 247,35501,5400
2409 Hyde Park Road ,65109,4732
279 Quartermaster Court ,47130,3669
706 West Avenue ,19046,2710
253 Martin Luther King Jr. Drive ,7305,3427
130 Central Avenue ,7306,2118
35 Journal Square Suite 906,7306,4317
647 Main Street Suite 401,15901,2140
2701 Black Road Suite 201,60435,8412
2400 Highland Drive Suite 300,72401,6229
173 North Main Street ,30236,3567
2727 East 32nd Street Suite 2,64804,3156
PO Box 21247 ,99802,1247
157 South Kalamazoo Mall Suite 180,49007,4861
500 State Avenue Room 176,66101,2409
101 West 31st Street ,64108,3318
805 Frontage Road Suite 110,99611,9104
874 North Lima Road Suite B,46755,1152
5455 Sheridan Road Suite 125,53140,4129
301 Junction Highway Suite 346-C,78029,4273
540 Water Street Suite 101,99901,6378
80-02 Kew Gardens Road Suite 5000,11415,3605
1100 Simonton Street Suite 205,33040,3110
PO Box 775 ,12106,774
PO Box 1728 ,37662,1728
291 Wall Street ,12401,3849
1801 Kingwood Drive Suite 240,77339,3058
800 Market Street Suite 110,37902,2303
100 South Union Street ,46901,4608
205 Fifth Avenue South Suite 400,54601,4059
1211 Washington Avenue ,97850,2535
26 South LaGrange Road Suite 204,60525,2015
813 Lincolnway Suite 100,46350,3400
108 West LaFayette Square Suite 102,30728,3507
800 Lafayette Street Suite 1400,70501,6800
One Lakeshore Drive Suite 1775,70629,114
212 North Marion Avenue Suite 209,32055,3917
122 West Way Street Suite 301,77566,5245
170 Fitzgerald Road Suite 1,33813,2607
12600 West Colfax Avenue Suite B400,80215,3779
14400 Detroit Avenue ,44107,4408
301 South Fifth Street ,81052,2711
207 South Broad Street ,43130,4307
150 North Queen Street Suite 716,17603,3562
1717 Langhorne Newtown Suite 400,19047,1086
1000 West St. Joseph Street Suite 300,48915,2552
602 East Calton Road Suite 2,78041,3693
570 North Telshor Boulevard ,88011,8223
26111 Antonio Parkway Suite 300,92688,5597
PO Box 1368 ,87701,1368
600 Las Vegas Boulevard South Room 680,89101,6646
2340 Paseo Del Prado Suite D-106,89102,4340
8485 West Sunset Road Suite 300,89113,2251
200 Courthouse Public Square ,29360,
305 Essex Street 4th Floor,1840,1445
75 Langley Drive ,30046,6935
711 SW D Avenue Suite 201,73501,4561
108 West Jefferson Street ,40031,1108
219 North Adams Street ,65536,3029
758 Cumberland Street ,17042,5247
103 North 3rd Street ,71446,4013
310 Main Street ,83501,1820
179 Lisbon Street Ground Floor,4240,7248
1660 South Stemmons Freeway Suite 230,75067,600
1010 Monarch Street Suite 310,40513,1866
113 Blue Jay Drive Suite 100,64068,1963
609 North First Street ,27546,6693
3121 West Elm Plaza ,45805,2516
301 South 13th Street Suite 100,68508,2532
5700 Hillandale Drive Suite 110,30058,4104
1501 North University Avenue Suite 150,72207,
32 North Main Street Room 110,3561,4072
40 Webb Hall Room 236-237,35470,2099
PO Box 426 ,70754,426
17197 North Laurel Park Drive Suite 216,48152,7919
104 West Sandstone Street ,78643,2319
220 Dingess Street ,25601,3626
300 East Broadway Suite 102,46747,3182
9220 Kimmer Drive Suite 220,80124,2884
100 West Broadway Suite 600,90802,4486
504 Broadway ,7740,5951
101 East Methvin Street Suite 302,75601,7200
205 West 20th Street Room M-230,44052,3777
10124 South Broadway Suite 1,90003,4353
4322 Wilshire Boulevard Suite 301,90010,3794
255 East Temple Street Suite 1860,90012,3334
4716 East Cesar E Chavez Avenue ,90022,1210
1910 West Sunset Boulevard Suite 810,90026,3445
8436 West Third Street Suite 600,90048,4183
"3445 Lambros Loop, NE ",87031,6472
600 Martin Luther King Jr. Place Suite 216,40202,2285
7219 Dixie Highway ,40258,3756
11 Kearney Square 3rd Floor,1852,1941
611 University Avenue Suite 220,79401,2206
300 East Shepard Avenue Suite 210,75901,3252
500 North Cedar Street ,28358,4891
916 Main Street Suite 300,24504,1600
 Room 412,1902,1019
10 East Doty Street Suite 405,53703,5103
100 East Sybelia Avenue Suite 340,32751,4700
33 Lowell Street ,3101,1641
21454 Koop Drive Suite 1-E,70471,7513
227 East Main Street Suite 220,56001,3573
24 West Third Street Suite 314,44902,1243
490 63rd Street Ocean East Suite 149,33050,4720
5790 Margate Boulevard ,33063,3614
"219 Roswell Street, NE ",30060,2063
3730 Roswell Road Suite 50,30062,8818
258 Front Street ,45750,2908
209 South Washington Street ,46952,3803
PO Box 356 ,38646,356
255 Main Street Room 104,1752,5505
307 South Front Street Suite 120,49855,4613
1420 East College Drive ,56258,2065
102 West Huston Street ,75670,4038
300 Foxcroft Avenue Suite 102,25401,5341
200 East Broadway Suite 414,37804,5782
1003 Park Boulevard Suite Seven,11762,2758
5914 Main Street Suite 103,8330,1746
201 Government Street Suite 102,41056,1385
118 East Carl Albert Parkway ,74501,5040
627 Lysle Boulevard ,15132,2524
1800 North Graves Street Suite 101,75069,3322
5 High Street Suite 101,2155,3800
843 East Main Street Suite 400,97504,7137
2725 Judge Fran Jamieson Way ,32940,6605
167 North Main Street Suite 369,38103,1822
7975 Stage Hills Boulevard Suite One,38133,4036
2222 M Street Suite 305,95340,3729
"2737 78th Avenue, SE Suite 202",98040,2843
22-26 West Main Street ,6450,4109
33 East Broadway Avenue Suite 251,83642,2619
1901 Front Street Suite A,39301,5006
7895 Broadway Suite A,46410,5529
1640 South Stapley Drive Suite 215,85204,6666
110 Veterans Memorial Boulevard Suite 500,70005,4970
777 17th Street ,33139,1895
18425 NW Second Avenue Suite 310,33169,4532
4960 SW 72 Avenue Suite 208,33155,5544
12851 Southwest 42nd Street Suite 131,33175,
100 East Michigan Boulevard ,46360,3271
245 Dekoven Drive Room B-20,6457,3460
16 James Street 3rd Floor,10940,5787
135 Ashman Street ,48640,5103
6 Desta Drive Suite 2000,79705,5520
3235 147th Street ,60445,3656
2 Congress Street ,1757,4128
213 West Huron Street ,48381,2252
127 East Hancock Street ,31061,3413
219 North Milwaukee Street Suite 3A,53202,5818
2100 Plymouth Avenue North ,55411,3675
117 East Tom Landry ,78572,4610
200 Civic Center Drive ,92691,5519
301 East Broadway Suite 2,59802,4478
11 North Water Street Suite 15290,36602,5000
1010 10th Street Suite 5800,95354,877
3509 Coffee Road Suite D3,95355,1356
3000 41st Street Suite 2,61265,7859
1900 Stubbs Avenue Suite B,71201,5751
23 East Front Street Suite 103,48161,2256
100 North First Street ,56265,
22 Monroe Street Suite 1-B,36104,3617
7550 Halcyon Summit Drive ,36117,7008
18 Anawana Lake Road ,12701,3200
30 Schulyer Place Second Floor,7960,5128
1609 College Park Drive Suite 4,37813,1659
106 West Green Avenue Suite 106,38762,9594
1001 North Market Street Suite 102,62863,1948
4167 Church Road ,8054,2220
6 Gramatan Avenue Suite 205,10550,3208
107 West Charles Street ,47305,2804
305 West Main Street ,37130,3547
75 Peachtree Street Suite 100,28906,2947
900 Third Street Suite 203,49440,1135
431 West Broadway Street ,74401,6614
1800 North Oak Street Room C,29577,3141
101 West Main Suite 160,75961,4830
1040 Main Street Suite 101,94559,2605
3301 East Tamiami Trail Suite 105,34112,3969
4715 Golden Gate Parkway Suite 1,34116,
221 Main Street Suite 201,3060,2913
605 Church Street Suite 101,37219,2314
2124 Freeport Road ,15065,1527
229 Church Street 4th Floor,6770,4145
558 Pleasant Street Room 309,2740,6246
710 James Bowie Drive ,75570,2328
114 West Main Street Suite 206,6051,4223
67-69 Church Street ,8901,1242
59 Elm Street Suite 205,6510,2036
301 East Saint Peter Street Suite 102,70560,3787
2021 Lakeshore Drive Suite 309,70122,3501
173 Avenue B ,10009,4656
201 Varick Street Room 669,10014,7069
163 West 125th Street Suite 737,10027,4404
1651 Third Avenue Suite 311,10128,3679
50 Walnut Street Suite 1016,7102,3596
1601 Highway 34 East Suite B,30265,1325
610 Newport Center Drive Suite 330,92660,8034
2600 Washington Avenue Suite 1010,23607,4333
29 Crafts Street ,2458,1275
93 Main Street ,7860,2056
1910 Pine Avenue ,14301,2310
125 South 4th Street Suite 101,68701,5200
2420 Springer Drive Suite 120,73069,3965
6448 Main Street Suite 6,55056,7068
1362 McMillan Avenue Suite 100,29405,2049
650 Dundee Road Suite 380,60062,2757
11 East Main Street ,44857,1512
101 Water Street Suite 301,6360,5730
5309 West 95th Street ,60453,2444
200 Administration Road Suite 100,37839,8823
1301 Clay Street Suite 1000 North,94612,5233
115 Southeast 25th Avenue ,34471,9179
411 West Eight Street Fifth Floor,79761,4422
324 25th Street Room 1017,84401,2361
1015 North Broadway Suite 310,73102,5849
120 South Fair ,62450,2258
11717 Burt Street Suite 106,68154,1500
131 Main Street Suite 106,13421,1641
1819 Pepperell Parkway Suite 203,36801,5476
"1726 Kingsley Avenue, SE Suite 8",32073,4411
1110 East Chapman Avenue Suite 207,92866,2145
420 Green Avenue ,77630,5803
621 High Street ,97045,2240
219 Lime Avenue ,32805,2248
770 West Granada Boulevard Suite 315,32174,5180
2390 State Road 44 Suite B,54904,6438
2461 West SR 426 Suite 1041,32765,4508
2200 Airport Road ,42301,9488
100 Fountain Avenue Room 104,42001,2771
PO Box X ,96799,230
One Victoria Place Room 320,44077,3406
613 St. Johns Avenue Room 107,32177,4643
1 Florida Park Drive South Room 100,32137,3801
35111 US Highway 19 North Suite 301,34684,1934
707 East Tahquitz Canyon Way Suite 9,92262,101
"1008 West Avenue, M-14 Suite E-1",93551,1441
698 Emerson Street ,94301,1609
840 West 11th Street Suite 2250,32401,2336
7904 Day Drive ,44129,5637
87 North Raymond Avenue Suite 800,91103,3966
2715 St. Andrews Loop Suite D,99301,3386
330 Passaic Street ,7055,5815
200 Federal Plaza Suite 500,7505,1953
249 Roosevelt Avenue Suite 200,2860,2134
17 Peabody Square ,1960,5646
2507A Old Brandon Road ,39208,4604
10100 Pines Boulevard ,33026,6040
11 Duff Road ,15235,3263
4300 Bayou Boulevard Suite 13,32503,2679
100 North East Monroe Room 100,61602,1047
1 Olive Street 2nd Floor,8861,4517
200 Division Street Suite 178,49770,2465
4104 Walnut Street ,19104,3598
6632 Germantown Avenue ,19119,2250
2630 Memphis Street ,19125,2344
2637 East Clearfield Street ,19134,5023
7219 Frankford Avenue ,19135,1010
1907-09 South Broad Street ,19148,2116
411 North Central Avenue Suite 150,85004,2120
2400 East Arizona Biltmore Circle Suite 1290,85016,2195
100 East 8th Avenue Room 2521,71601,5070
1001 North Broadway Street Suite C,66762,3905
225 Ross Street Fifth Floor,15219,2024
504 Washington Road ,15228,2817
78 Center Street Suite 205,1201,6172
1 Grove Street Suite 101,14534,1328
2680 East Main Street Suite 332,46167,2829
110 West Reynolds Street Suite 101,33563,3377
14 Durkee Street Suite 320,12901,2998
5776 Stoneridge Mall Road Room 175,94588,2836
275 South Fifth Avenue Suite 275,83201,3392
332 East 5th Street ,98362,3207
2675 North Ventura Road Suite 105,93041,2045
1000 City Center Circle 2nd Floor,32129,4144
2 Portland Fish Pier Suite 304,4101,4633
620 SW Main Street Suite 606,97205,3024
729 NE Oregon Street Suite 115,97232,2184
602 Chillicothe Street Suite 304,45662,4262
101 North Centre Street Room 303,17901,2972
"17791 Fjord Drive, NE Door 112",98370,8481
221 West Main Street ,71857,3608
240 South Montezuma Street Unit #101,86303,4712
445 Main Street ,4769,2651
110 Resource Court Suite A,41653,7851
120 East Main Street ,84501,3050
51 South University Avenue Suite 318,84601,4491
503 North Main Street Suite 658,81003,3132
226 Taylor Street Suite 200,33950,4459
1250 Hancock Street Suite 802-N,2169,4331
216 6th Street ,53403,1216
411 West Lincoln Trail Boulevard ,40160,2046
1300 St. Mary's Street Suite 504,27605,1276
5400 Trinity Road Suite 205,27607,3815
343 Quincy Street ,57701,3797
2603 Wheat Drive ,56750,4800
280 Hemsted Drive Suite 105,96002,164
1150 Brookside Avenue Suite J-5,92373,6314
PO Box 50 ,56283,50
400 South Virginia Street Suite 502,89501,2116
2929 North Central Expressway Suite 240,75080,2000
3220 Blume Drive Suite 160,94806,5741
50 North Fifth Street Second Floor,47374,4247
400 North 8th Street Suite 430,23219,1321
100 North F.M. 3167 ,78582,6688
"3200 Civic Center, NE Suite 330",87144,4503
3400 Central Avenue Suite 200,92506,2163
"Ten Franklin Road, SE Suite 540",24011,2121
1134 7th Street Northwest ,55901,1732
100 State Street Room 3120,14614,1309
1280 Titus Avenue ,14617,4125
1456 Ebenezer Road ,29732,2339
404 N Street Suite 204,82901,5474
90-16 Rockaway Beach Boulevard ,11693,1530
415 South Mulford Road ,61108,3011
230 East Franklin Street ,28379,3627
51 Monroe Street Suite 507,20850,2406
104 North San Jacinto Street ,75087,2508
3333 Pinnacle Hills Suite 120,72758,8979
1301 Kings Highway ,65401,3136
600 East First Street Suite 301,30161,3149
PO Box 2460 ,97470,511
27085 Gratiot Avenue ,48066,2947
1717 West Second Street Suite 100,88201,2029
PO Box 1361 ,96951,1361
1717 North IH 35 Suite 303,78664,2901
Roxbury Community College Room 211,2120,3400
501 I Street Room 12-600,95814,4778
515 North Washington Avenue Suite 401,48607,1378
PO Box 504879 ,96950,4310
494 State Street Suite 210,97301,3830
"119 West Iron Avenue 4th Floor, Suite A",67402,
100 West Alisal Street ,93901,2687
212 West Main Street Suite 204 B,21801,5026
240 East Morris Avenue Suite 235,84115,3296
125 South State Street Suite 5420,84138,1102
33 East Twohig Avenue Suite 307,76903,6451
615 East Houston Street Suite 451,78205,2054
727 East Durango Boulevard Room B-124,78206,1286
1100 NE Loop 410 Suite 640,78209,1530
1313 SE Military Drive Room 101,78214,2850
6363 Dezavala Road Suite 105,78249,2104
201 North East Street Suite 102,92401,1520
2700 Adams Avenue Suite 102,92116,1367
510 East Foothill Boulevard Suite 201,91773,1254
90 7th Street Suite 2-800,94103,6723
635 North First Street Suite B,95112,5110
Puerta de Tierra 2ndo Piso,901,2102
1411 Marsh Street Suite 205,93401,2923
400 South El Camino Real Suite 750,94402,1761
1050 Northgate Drive Suite 354,94903,2580
PO Box 1017 ,31082,
301 East Carrillo Street Suite A,93101,2611
26650 The Old Road Suite 203,91381,750
701 Ocean Avenue Room 318,95060,4027
11627 East Telegraph Road Suite 100,90670,6810
811 St. Michael's Drive Suite 104,87505,7640
1101 College Avenue Suite 200,95404,3940
176 Brooks Boulevard ,29142,8644
235 North Orange Avenue Suite 201,34236,8522
513 Broadway ,12866,6730
450 Mall Boulevard Suite A,31406,4864
One Diamond Causeway Suite 7,31406,7434
105 Jay Street Room 15,12305,1905
416 Valleyview Drive Suite 600,69361,1445
10603 North Hayden Road Suite 108,85260,5571
1809 Seventh Avenue Suite 1212,98101,1399
415 South Ohio Avenue Suite 212B,65301,
100 South Austin Street ,78155,5702
908 Alabama Avenue Suite 112,36701,4660
9210 113th Street Room 606,33772,2800
48701 Van Dyke Avenue ,48317,2560
311 East Marion Street Suite 119,28151,4611
45 East Loucks Suite 300F,82801,6331
5000 Van Nuys Boulevard Suite 420,91403,1791
101 East Pecan Street Suite 119,75090,5989
18560 First Avenue NE Suite E-800,98155,2150
6425 Youree Drive Suite 350,71105,4634
77 Calle Portal Room B-160,85635,2981
8730 Georgia Avenue Suite 209,20910,3651
526 Nebraska Street ,51101,1313
2310 West 41st Street Suite 101,57105,6118
888 Concord Road Suite 100,30080,4202
380 Stevens Avenue Suite 212,92075,2069
485 Alisal Road Suite G-1a,93463,3701
551 Clifty Street ,42501,1782
118 West Main Street Suite 104,15501,2047
201 Bingham Avenue Suite 2,85350,
207 West Colfax Avenue ,46601,1606
137 Hampton Road ,11968,4923
101 West St. John Street Suite 203,29306,5167
PO BOX 650 ,51301,
10 North Post Street Suite 625,99201,712
235 South Sixth Street ,62701,1502
3130 Chatham Road Suite C,62704,5379
300 State Street Suite 200,1105,1711
3232 East Ridgeview Street ,65804,4076
5 West North Street Suite 200,45504,2544
940 Sproul Road ,19064,1255
167 Locust Avenue ,28777,2711
3000 North Ponce de Leon Boulevard Suite 1,32084,8600
PO Box 519 ,63302,
#1 Estate Cane Fredrikstad Space 204 & 205,840,4425
321 North Mall Drive Room E101-B,84790,7305
800 Ship Street Suite 106,49085,2182
201 South Eight Street Suite 330,64501,2275
625 North Euclid Street Suite 326,63108,1673
8021 West Florissant Avenue Suite F,63136,1449
8764 Manchester Road Suite 203,63144,2735
165 Western Avenue North Suite 17,55102,4613
360 Central Avenue Suite 1480,33701,3838
 Suite 207,802,5820
888 Washington Boulevard 10th Floor,6901,2902
One Research Boulevard Suite 206,39759,8749
7 Court Square ,24401,4281
109 South Third Street ,80751,4220
265 New Dorp Lane 2nd Floor,10306,3005
2222 West 12th Street ,74074,
137 East Weber Avenue ,95202,2704
2222 Grand Canal Boulevard Suite 7,95207,6671
800 Oneida Street Suite A,50588,3209
171 Southwest Flagler Avenue ,34994,2139
1650 Highway 6 Suite 150,77478,4921
5001 Silver Hill Road Suite 106,20746,5208
320 Church Street Suite 132,75482,2606
160 Arch Street ,17801,2145
9293 Harding Avenue ,33154,3009
125 Bonnie Lane ,28779,8552
100 South Clinton Street Room 1340,13261,6100
2209 Pacific Avenue Suite B,98402,3005
1019 Pacific Avenue Suite 806,98402,4486
3116 Capital Circle NE Suite 9,32308,7791
4144 North Armenia Avenue Suite 300,33607,6435
508 Church Lane ,22560,
29 Broadway Street Suite 310,2780,3208
4918 Kutztown Road ,19560,1554
6544B South General Bruce Drive ,76502,5811
901 Wabash Avenue Suite 140,47807,3232
4303 Texas Boulevard Suite 2,75503,3094
137 East Jackson Street ,31729,5136
1200 East 78th Avenue Suite 105,80229,5930
127-B North Central Avenue ,31794,4087
375 West Padonia Road Suite 200,21093,2130
 ,96952,9999
127 West Spring Street Suite C,16354,1727
194 Remsdale Street ,30577,1899
One Maritime Plaza Sixth Floor,43604,
990 Village Square Drive Suite B,77375,4269
200 North Main Street Suite F,42167,1548
3550 SW 5th Street ,66606,1998
600 Baltimore Avenue Suite 303,21204,4022
580 Main Street Suite Four,19426,1940
121 East Front Street Suite 202,49684,2500
2615 West Jefferson ,48183,2802
560 Kirts Boulevard Suite 105,48084,4141
12 South Plum Street Suite 2,45373,5207
3469 Lawrenceville Highway Suite 205,30084,5866
738 North 5th Avenue Suite 110,85705,8485
1661 North Swan Suite 112,85712,4051
404 West Route 66 Boulevard ,88401,3279
5727 South Lewis Avenue Room 520,74105,7146
181 West Tioga Street Suite 2,18657,6604
337 East Main Street ,38804,4025
1118 Greensboro Avenue Suite 336,35401,2861
1011 George Wallace Boulevard ,35674,1726
1341 Fillmore Street Suite 202,83301,3392
10075 Ravenna Road ,44087,1718
1121 East Southeast Loop 323 Suite 206,75701,9660
20 North Gallatin Avenue Suite 216,15401,3545
PO Box 837 ,19375,837
258 Genesee Street First Floor,13502,4636
PO Box 5264 ,31603,5264
375 G Street Suite 1,94592,5706
14546 Hamlin Street Suite 202,91411,4102
750 Anderson Street Suite B,98661,3853
1501 East Mockingbird Lane Suite 229,77904,2194
107 Old Airport Road Suite A,30474,8840
4772 Euclid Road Suite E,23462,3800
113 North Church Street Suite 208,93291,6300
1800 Thibodo Road Suite 310,92081,7515
600 Austin Avenue ,76710,2018
110 2nd Street South Suite 232,56387,1313
401 Post Office Road Suite 202,20602,2738
29 South Palouse Street ,99362,1925
1981 North Broadway Suite 220,94596,3877
230 Margie Drive Suite 500,31088,7813
197 West Market Street ,44481,1024
4834 Richmond Road Suite 150,44128,6408
300 Centerville Road Suite 200S,2886,212
516 Jefferson Street ,63090,2706
49 Leavenworth Street ,6702,2115
501 Sycamore Street Suite 610,50703,4051
120 Washington Street Suite 200,13601,3370
"505 12th Street, SE ",57201,4973
16 Common Street ,4901,6611
208 Grand Ave ,54403,6217
PO Box 836 ,27890,
7969 Cincinnati-Dayton Road Suite B,45069,6637
PO Box 2381 ,29171,2381
201 East Nolen Street ,62896,2437
509 Highway 82 West Suite F,38930,5030
3895 West 7800 South Suite 201,84088,4314
5500 Palisades Avenue Suite A,7093,2124
261 West Nyack Road ,10994,1724
3111 South Dixie Highway Suite 308,33405,1553
1755 East Tiffany Drive Suite 208,33407,3224
35 Court Square Suite 300,65775,3453
50 Washington Road ,8550,1012
425 North Avenue East ,7090,1537
412 Malcom Drive Suite 200,21157,6174
1125 Chapline Street ,26003,2976
222 Mamaroneck Avenue Suite 310,10605,1316
108 Lacey Road Suite 38-A,8759,1331
4245 Kemp Boulevard Suite 506,76308,2829
155 North Market Street Suite 400,67202,1818
1000 Commerce Park Drive Suite 1A,17701,5475
400 North Main Street Suite 145,41097,1026
"320 Fourth Street, SW ",56201,3300
6262 South Route 83 Suite 305,60527,2987
201 North Walnut Street Suite 107,19801,3998
201 North Front Street Suite 410,28401,5093
61 East Main Street Suite One,45177,2330
216 West Nash Street Suite B,27893,3802
110 North Cameron Street ,22601,4730
700 Park Avenue Suite D,46590,1066
300 West Plant Street ,34787,3009
4308 Ridgewood Center Drive ,22192,5307
6043 Hudson Road Suite 330,55125,1004
63 North Broad Street ,8096,4602
712 Main Street Suite 101,95695,3478
2728 Williams Avenue Suite F,73801,5853
34 Mechanic Street 1st Floor,1608,2424
840 North Park Road ,19610,1307
402 East Yakima Avenue Suite 760,98901,5410
2209 East Market Street ,17402,2853
4904-B George Washington Memorial Highway ,23692,2769
241 West Federal Street ,44503,1207
301 West Michigan Avenue Suite 305,48197,5450
10952 Northwest Expressway Suite B,73099,8214
1166 Military Road ,43701,1562